id;name;short_name;division;emp_service_id;user_id
1;that per interestingly;persist accurate outlying;OTHERS;1;1
2;after;including;COMMISSIONED;2;2
3;happily inasmuch;why;OTHERS;3;2
4;sustenance with;giant neck;OTHERS;4;2
5;whimsical oddly athwart;scrap arch afore;OTHERS;5;2
6;sum visible;whether;COMMISSIONED;6;2
7;loftily refrigerate yet;whether because sympathetically;OTHERS;7;2
8;unfortunate plate wriggler;irritably stylish;NON_COMMISSIONED;8;1
9;frankly through so;motionless utterly;NON_COMMISSIONED;9;2
10;daily after hungry;popcorn ick;COMMISSIONED;10;1
